{
  "gui": {
    "dark_mode": true,
    "edge_dim_label_h": 3,
    "imgui_rounding_general": 8.0,
    "imgui_rounding_scroll": 11.0,
    "imgui_rounding_tabs": 6.0,
    "last_opened_project_path": "",
    "load_last_opened_on_startup": false,
    "log_window_visible": true,
    "show_dbg": false,
    "show_lua_console": true,
    "show_options": true,
    "show_python_console": true,
    "show_settings_dialog": true,
    "show_shape_list": true,
    "show_sketch_list": true,
    "underlay_highlight_color": [
      1.0,
      0.8627450980392157,
      0.0
    ]
  },
  "imgui_ini": "[Window][##MainMenuBar]\nPos=0,0\nSize=1920,22\n\n[Window][Toolbar]\nPos=7,24\nSize=1310,58\n\n[Window][Sketch List]\nPos=8,86\nSize=220,240\n\n[Window][Shape List]\nPos=8,332\nSize=220,360\n\n[Window][Options]\nPos=1524,24\nSize=389,277\n\n[Window][Lua Console]\nPos=230,87\nSize=1291,313\nCollapsed=1\n\n[Window][Python Console]\nPos=231,108\nSize=1290,225\nCollapsed=1\n\n[Window][Log]\nPos=3,975\nSize=1280,180\nCollapsed=1\n\n[Window][Settings]\nPos=231,130\nSize=520,560\nCollapsed=1\n\n[Window][Debug##Default]\nPos=60,60\nSize=400,400\n\n[Window][dbg]\nPos=260,420\nSize=320,200\n\n",
  "occt_view": {
    "bg_color1": [
      0.037551622837781906,
      0.04050328582525253,
      0.04247105121612549
    ],
    "bg_color2": [
      0.04344002529978752,
      0.17406828701496124,
      0.23938226699829102
    ],
    "bg_gradient_method": 1,
    "grid_color1": [
      0.11268295347690582,
      0.056886445730924606,
      0.13899612426757813
    ],
    "grid_color2": [
      0.11791712045669556,
      0.11791712790727615,
      0.13513511419296265
    ]
  },
  "version": "1"
}