{
  "gui": {
    "log_window_visible": true,
    "show_dbg": false,
    "show_options": true,
    "show_shape_list": true,
    "show_sketch_list": true
  },
  "imgui_ini": "[Window][Debug##Default]\nPos=60,60\nSize=400,400\n\n[Window][Toolbar]\nPos=358,23\nSize=1208,54\n\n[Window][Sketch List]\nPos=4,321\nSize=209,226\n\n[Window][Shape List]\nPos=3,549\nSize=211,312\n\n[Window][Log]\nPos=480,77\nSize=1086,174\n\n[Window][Options]\nPos=1567,25\nSize=240,177\n\n",
  "occt_view": {
    "bg_color1": [
      0.037551622837781906,
      0.04050328582525253,
      0.04247105121612549
    ],
    "bg_color2": [
      0.04344002529978752,
      0.17406828701496124,
      0.23938226699829102
    ],
    "bg_gradient_method": 1,
    "grid_color1": [
      0.11268295347690582,
      0.056886445730924606,
      0.13899612426757813
    ],
    "grid_color2": [
      0.11791712045669556,
      0.11791712790727615,
      0.13513511419296265
    ]
  }
}